[{"fields": {"model": "logentry", "name": "log entry", "app_label": "admin"}, "model": "contenttypes.contenttype", "pk": 1}, {"fields": {"model": "permission", "name": "permission", "app_label": "auth"}, "model": "contenttypes.contenttype", "pk": 2}, {"fields": {"model": "group", "name": "group", "app_label": "auth"}, "model": "contenttypes.contenttype", "pk": 3}, {"fields": {"model": "user", "name": "user", "app_label": "auth"}, "model": "contenttypes.contenttype", "pk": 4}, {"fields": {"model": "contenttype", "name": "content type", "app_label": "contenttypes"}, "model": "contenttypes.contenttype", "pk": 5}, {"fields": {"model": "session", "name": "session", "app_label": "sessions"}, "model": "contenttypes.contenttype", "pk": 6}, {"fields": {"model": "cronjoblog", "name": "cron job log", "app_label": "django_cron"}, "model": "contenttypes.contenttype", "pk": 7}, {"fields": {"model": "itemtype", "name": "item type", "app_label": "AuctionApp"}, "model": "contenttypes.contenttype", "pk": 8}, {"fields": {"model": "auction", "name": "auction", "app_label": "Auctions"}, "model": "contenttypes.contenttype", "pk": 9}, {"fields": {"model": "auction_bid", "name": "auction_ bid", "app_label": "Auctions"}, "model": "contenttypes.contenttype", "pk": 10}, {"fields": {"model": "auction_user", "name": "auction_ user", "app_label": "Users"}, "model": "contenttypes.contenttype", "pk": 11}, {"fields": {"typeName": "Mobiles & Tablets"}, "model": "AuctionApp.itemtype", "pk": 1}, {"fields": {"typeName": "Electronics & Computers"}, "model": "AuctionApp.itemtype", "pk": 2}, {"fields": {"typeName": "Vehicles"}, "model": "AuctionApp.itemtype", "pk": 3}, {"fields": {"typeName": "Home & Furniture"}, "model": "AuctionApp.itemtype", "pk": 4}, {"fields": {"typeName": "Animals"}, "model": "AuctionApp.itemtype", "pk": 5}, {"fields": {"typeName": "Books, Sports & Hobbies"}, "model": "AuctionApp.itemtype", "pk": 6}, {"fields": {"typeName": "Fashion & Beauty"}, "model": "AuctionApp.itemtype", "pk": 7}, {"fields": {"typeName": "Kids & Baby Products"}, "model": "AuctionApp.itemtype", "pk": 8}, {"fields": {"typeName": "Services"}, "model": "AuctionApp.itemtype", "pk": 9}, {"fields": {"typeName": "Jobs"}, "model": "AuctionApp.itemtype", "pk": 10}, {"fields": {"typeName": "Real Estate"}, "model": "AuctionApp.itemtype", "pk": 11}, {"fields": {"typeName": "Other"}, "model": "AuctionApp.itemtype", "pk": 12}, {"fields": {"codename": "add_logentry", "name": "Can add log entry", "content_type": 1}, "model": "auth.permission", "pk": 1}, {"fields": {"codename": "change_logentry", "name": "Can change log entry", "content_type": 1}, "model": "auth.permission", "pk": 2}, {"fields": {"codename": "delete_logentry", "name": "Can delete log entry", "content_type": 1}, "model": "auth.permission", "pk": 3}, {"fields": {"codename": "add_permission", "name": "Can add permission", "content_type": 2}, "model": "auth.permission", "pk": 4}, {"fields": {"codename": "change_permission", "name": "Can change permission", "content_type": 2}, "model": "auth.permission", "pk": 5}, {"fields": {"codename": "delete_permission", "name": "Can delete permission", "content_type": 2}, "model": "auth.permission", "pk": 6}, {"fields": {"codename": "add_group", "name": "Can add group", "content_type": 3}, "model": "auth.permission", "pk": 7}, {"fields": {"codename": "change_group", "name": "Can change group", "content_type": 3}, "model": "auth.permission", "pk": 8}, {"fields": {"codename": "delete_group", "name": "Can delete group", "content_type": 3}, "model": "auth.permission", "pk": 9}, {"fields": {"codename": "add_user", "name": "Can add user", "content_type": 4}, "model": "auth.permission", "pk": 10}, {"fields": {"codename": "change_user", "name": "Can change user", "content_type": 4}, "model": "auth.permission", "pk": 11}, {"fields": {"codename": "delete_user", "name": "Can delete user", "content_type": 4}, "model": "auth.permission", "pk": 12}, {"fields": {"codename": "add_contenttype", "name": "Can add content type", "content_type": 5}, "model": "auth.permission", "pk": 13}, {"fields": {"codename": "change_contenttype", "name": "Can change content type", "content_type": 5}, "model": "auth.permission", "pk": 14}, {"fields": {"codename": "delete_contenttype", "name": "Can delete content type", "content_type": 5}, "model": "auth.permission", "pk": 15}, {"fields": {"codename": "add_session", "name": "Can add session", "content_type": 6}, "model": "auth.permission", "pk": 16}, {"fields": {"codename": "change_session", "name": "Can change session", "content_type": 6}, "model": "auth.permission", "pk": 17}, {"fields": {"codename": "delete_session", "name": "Can delete session", "content_type": 6}, "model": "auth.permission", "pk": 18}, {"fields": {"codename": "add_cronjoblog", "name": "Can add cron job log", "content_type": 7}, "model": "auth.permission", "pk": 19}, {"fields": {"codename": "change_cronjoblog", "name": "Can change cron job log", "content_type": 7}, "model": "auth.permission", "pk": 20}, {"fields": {"codename": "delete_cronjoblog", "name": "Can delete cron job log", "content_type": 7}, "model": "auth.permission", "pk": 21}, {"fields": {"codename": "add_itemtype", "name": "Can add item type", "content_type": 8}, "model": "auth.permission", "pk": 22}, {"fields": {"codename": "change_itemtype", "name": "Can change item type", "content_type": 8}, "model": "auth.permission", "pk": 23}, {"fields": {"codename": "delete_itemtype", "name": "Can delete item type", "content_type": 8}, "model": "auth.permission", "pk": 24}, {"fields": {"codename": "add_auction", "name": "Can add auction", "content_type": 9}, "model": "auth.permission", "pk": 25}, {"fields": {"codename": "change_auction", "name": "Can change auction", "content_type": 9}, "model": "auth.permission", "pk": 26}, {"fields": {"codename": "delete_auction", "name": "Can delete auction", "content_type": 9}, "model": "auth.permission", "pk": 27}, {"fields": {"codename": "add_auction_bid", "name": "Can add auction_ bid", "content_type": 10}, "model": "auth.permission", "pk": 28}, {"fields": {"codename": "change_auction_bid", "name": "Can change auction_ bid", "content_type": 10}, "model": "auth.permission", "pk": 29}, {"fields": {"codename": "delete_auction_bid", "name": "Can delete auction_ bid", "content_type": 10}, "model": "auth.permission", "pk": 30}, {"fields": {"codename": "add_auction_user", "name": "Can add auction_ user", "content_type": 11}, "model": "auth.permission", "pk": 31}, {"fields": {"codename": "change_auction_user", "name": "Can change auction_ user", "content_type": 11}, "model": "auth.permission", "pk": 32}, {"fields": {"codename": "delete_auction_user", "name": "Can delete auction_ user", "content_type": 11}, "model": "auth.permission", "pk": 33}, {"fields": {"username": "Administrator", "first_name": "", "last_name": "", "is_active": true, "is_superuser": true, "is_staff": true, "last_login": "2015-10-28T21:04:33.171", "groups": [], "user_permissions": [], "password": "pbkdf2_sha256$15000$D6AjlzBWXzCQ$V66smRve5Kdjg6gQ7UGrGgKtEh+xRz0mBFY7rh7LAU4=", "email": "admin@abc.com", "date_joined": "2015-10-28T19:34:02.274"}, "model": "auth.user", "pk": 1}, {"fields": {"username": "waleed", "first_name": "Waleed", "last_name": "Khan", "is_active": true, "is_superuser": false, "is_staff": false, "last_login": "2015-10-28T20:42:26.453", "groups": [], "user_permissions": [], "password": "pbkdf2_sha256$15000$R7tCH80AxwLh$tKfyiqK9TmdtcjVcaQX3FYdJZJQ4VBpfVkU1lEwZ3oI=", "email": "waleed@abc.com", "date_joined": "2015-10-28T19:37:16.896"}, "model": "auth.user", "pk": 2}, {"fields": {"username": "hamza", "first_name": "Hamza", "last_name": "Khan", "is_active": true, "is_superuser": false, "is_staff": false, "last_login": "2015-10-28T19:38:07.694", "groups": [], "user_permissions": [], "password": "pbkdf2_sha256$15000$TOtQvwsKaf0P$+Iec8VGy3NMn2EaZIH3V4fzNybkpNfsnupwsxxk7Bxg=", "email": "hamza@abc.com", "date_joined": "2015-10-28T19:37:55.391"}, "model": "auth.user", "pk": 3}, {"fields": {"username": "testuser1", "first_name": "Test First Name 1", "last_name": "Test Last Name 1", "is_active": true, "is_superuser": false, "is_staff": false, "last_login": "2015-10-28T21:08:49.970", "groups": [], "user_permissions": [], "password": "pbkdf2_sha256$15000$DW9Sls5ko5y1$IPheYFp/fTL/6WaWdMVkjlUoMDlOopobaWIFMmEj7OY=", "email": "testuser1@test.com", "date_joined": "2015-10-28T21:06:25.587"}, "model": "auth.user", "pk": 5}, {"fields": {"username": "testuser2", "first_name": "Test First Name 2", "last_name": "Test Last Name 2", "is_active": true, "is_superuser": false, "is_staff": false, "last_login": "2015-10-28T21:09:45.142", "groups": [], "user_permissions": [], "password": "pbkdf2_sha256$15000$ByTCB1DrB7gB$G1u4UMHT8mFffpDu9dnrIPsvV1DnyYPXcfTyXT13u4o=", "email": "testuser2@test.com", "date_joined": "2015-10-28T21:06:26.207"}, "model": "auth.user", "pk": 6}, {"fields": {"username": "testuser3", "first_name": "Test First Name 3", "last_name": "Test Last Name 3", "is_active": true, "is_superuser": false, "is_staff": false, "last_login": "2015-10-28T21:06:26.825", "groups": [], "user_permissions": [], "password": "pbkdf2_sha256$15000$O7YuR7d1QiSw$fnZGVrly21jzmtdl4dJTej+U69v6sZnQB5rKxOMCj7M=", "email": "testuser3@test.com", "date_joined": "2015-10-28T21:06:26.825"}, "model": "auth.user", "pk": 7}, {"fields": {"username": "testuser4", "first_name": "Test First Name 4", "last_name": "Test Last Name 4", "is_active": true, "is_superuser": false, "is_staff": false, "last_login": "2015-10-28T21:06:27.464", "groups": [], "user_permissions": [], "password": "pbkdf2_sha256$15000$XsZ4RUvlsa4W$CV9Q5pBKEiLhTfRkwEi84B/E9+U/YtMrZSdNXpKnqKQ=", "email": "testuser4@test.com", "date_joined": "2015-10-28T21:06:27.464"}, "model": "auth.user", "pk": 8}, {"fields": {"username": "testuser5", "first_name": "Test First Name 5", "last_name": "Test Last Name 5", "is_active": true, "is_superuser": false, "is_staff": false, "last_login": "2015-10-28T21:06:28.227", "groups": [], "user_permissions": [], "password": "pbkdf2_sha256$15000$SLssUwF6RWFJ$8y911OHcTvfbl82RPxAQ1nKXNZaLHYWXLm4K8CkihN0=", "email": "testuser5@test.com", "date_joined": "2015-10-28T21:06:28.227"}, "model": "auth.user", "pk": 9}, {"fields": {"username": "testuser6", "first_name": "Test First Name 6", "last_name": "Test Last Name 6", "is_active": true, "is_superuser": false, "is_staff": false, "last_login": "2015-10-28T21:06:28.780", "groups": [], "user_permissions": [], "password": "pbkdf2_sha256$15000$MBQfo15a9iqi$dhB9ox5VP7YRN8JjiunEQsIrkSC7/vcreUqh8xYowsA=", "email": "testuser6@test.com", "date_joined": "2015-10-28T21:06:28.780"}, "model": "auth.user", "pk": 10}, {"fields": {"username": "testuser7", "first_name": "Test First Name 7", "last_name": "Test Last Name 7", "is_active": true, "is_superuser": false, "is_staff": false, "last_login": "2015-10-28T21:06:29.635", "groups": [], "user_permissions": [], "password": "pbkdf2_sha256$15000$vZNcOUPE5mdb$gdz5+h1TKGVqu+yJaNBmld4QYq+GKCecW4qJFEhUuyQ=", "email": "testuser7@test.com", "date_joined": "2015-10-28T21:06:29.635"}, "model": "auth.user", "pk": 11}, {"fields": {"username": "testuser8", "first_name": "Test First Name 8", "last_name": "Test Last Name 8", "is_active": true, "is_superuser": false, "is_staff": false, "last_login": "2015-10-28T21:06:30.313", "groups": [], "user_permissions": [], "password": "pbkdf2_sha256$15000$RXLmEekoX4Kx$QzjQyq0QokPiZXBCvpYSQIybzRalnZTbR7H39ifTpGw=", "email": "testuser8@test.com", "date_joined": "2015-10-28T21:06:30.313"}, "model": "auth.user", "pk": 12}, {"fields": {"username": "testuser9", "first_name": "Test First Name 9", "last_name": "Test Last Name 9", "is_active": true, "is_superuser": false, "is_staff": false, "last_login": "2015-10-28T21:06:31", "groups": [], "user_permissions": [], "password": "pbkdf2_sha256$15000$yd2S87Xg21kK$GquCN4KnpkyBM6aYvxIedQVQ+s4KA6JdRu9wa164jqI=", "email": "testuser9@test.com", "date_joined": "2015-10-28T21:06:31"}, "model": "auth.user", "pk": 13}, {"fields": {"username": "testuser10", "first_name": "Test First Name 10", "last_name": "Test Last Name 10", "is_active": true, "is_superuser": false, "is_staff": false, "last_login": "2015-10-28T21:06:31.716", "groups": [], "user_permissions": [], "password": "pbkdf2_sha256$15000$4qrQcUaTb6cH$f3No4jql/WjeR29QCEg9GCkHXJ307bD744IK5vERsOk=", "email": "testuser10@test.com", "date_joined": "2015-10-28T21:06:31.716"}, "model": "auth.user", "pk": 14}, {"fields": {"username": "testuser11", "first_name": "Test First Name 11", "last_name": "Test Last Name 11", "is_active": true, "is_superuser": false, "is_staff": false, "last_login": "2015-10-28T21:06:32.348", "groups": [], "user_permissions": [], "password": "pbkdf2_sha256$15000$xwoFZLRUxS9y$hQrXsSWoG30D+G3CEiXLMJhUOoiR06NXxOBvnH0D/Bw=", "email": "testuser11@test.com", "date_joined": "2015-10-28T21:06:32.348"}, "model": "auth.user", "pk": 15}, {"fields": {"username": "testuser12", "first_name": "Test First Name 12", "last_name": "Test Last Name 12", "is_active": true, "is_superuser": false, "is_staff": false, "last_login": "2015-10-28T21:06:33.150", "groups": [], "user_permissions": [], "password": "pbkdf2_sha256$15000$Ig0KqvBW5tqS$Z9WVxmisN3PpwnhUeMTlGcl/k8ivrU5/0zQ9Scq7H9c=", "email": "testuser12@test.com", "date_joined": "2015-10-28T21:06:33.150"}, "model": "auth.user", "pk": 16}, {"fields": {"username": "testuser13", "first_name": "Test First Name 13", "last_name": "Test Last Name 13", "is_active": true, "is_superuser": false, "is_staff": false, "last_login": "2015-10-28T21:06:33.779", "groups": [], "user_permissions": [], "password": "pbkdf2_sha256$15000$xEXlC2cxAgiT$qsJFapqepy93d/IwWp5wtIdIlppEqYMe+YRokLI9yjk=", "email": "testuser13@test.com", "date_joined": "2015-10-28T21:06:33.779"}, "model": "auth.user", "pk": 17}, {"fields": {"username": "testuser14", "first_name": "Test First Name 14", "last_name": "Test Last Name 14", "is_active": true, "is_superuser": false, "is_staff": false, "last_login": "2015-10-28T21:06:34.604", "groups": [], "user_permissions": [], "password": "pbkdf2_sha256$15000$pgnJAMu0pjle$0W6NSqoSSn58VMpW4UaJypY0OF3V3cHca+sGvp0MVOE=", "email": "testuser14@test.com", "date_joined": "2015-10-28T21:06:34.604"}, "model": "auth.user", "pk": 18}, {"fields": {"username": "testuser15", "first_name": "Test First Name 15", "last_name": "Test Last Name 15", "is_active": true, "is_superuser": false, "is_staff": false, "last_login": "2015-10-28T21:06:35.253", "groups": [], "user_permissions": [], "password": "pbkdf2_sha256$15000$KIPzHtIcFRY8$9tEUnhNPDRJ1o6X0QLClAT3mhXocPv09aUyJZ61rZjA=", "email": "testuser15@test.com", "date_joined": "2015-10-28T21:06:35.253"}, "model": "auth.user", "pk": 19}, {"fields": {"username": "testuser16", "first_name": "Test First Name 16", "last_name": "Test Last Name 16", "is_active": true, "is_superuser": false, "is_staff": false, "last_login": "2015-10-28T21:06:35.828", "groups": [], "user_permissions": [], "password": "pbkdf2_sha256$15000$tlVjCr1iPdz5$zN3wGr7x5+4TsstZzMEaAdKF3iDNpy3OGvkMgxrkUuw=", "email": "testuser16@test.com", "date_joined": "2015-10-28T21:06:35.828"}, "model": "auth.user", "pk": 20}, {"fields": {"username": "testuser17", "first_name": "Test First Name 17", "last_name": "Test Last Name 17", "is_active": true, "is_superuser": false, "is_staff": false, "last_login": "2015-10-28T21:06:36.453", "groups": [], "user_permissions": [], "password": "pbkdf2_sha256$15000$csN2zqeFNtsG$HpFpZXsL9ycyHhDl2RjfBA704F4DiZClYPVilPE3rZs=", "email": "testuser17@test.com", "date_joined": "2015-10-28T21:06:36.453"}, "model": "auth.user", "pk": 21}, {"fields": {"username": "testuser18", "first_name": "Test First Name 18", "last_name": "Test Last Name 18", "is_active": true, "is_superuser": false, "is_staff": false, "last_login": "2015-10-28T21:06:37.200", "groups": [], "user_permissions": [], "password": "pbkdf2_sha256$15000$CnzZ03x9W4Lk$5hC87OLLf3czpUZ+GkxoN+pbsP/0Y8b6I5IdNVR85gU=", "email": "testuser18@test.com", "date_joined": "2015-10-28T21:06:37.200"}, "model": "auth.user", "pk": 22}, {"fields": {"username": "testuser19", "first_name": "Test First Name 19", "last_name": "Test Last Name 19", "is_active": true, "is_superuser": false, "is_staff": false, "last_login": "2015-10-28T21:06:37.807", "groups": [], "user_permissions": [], "password": "pbkdf2_sha256$15000$DCX7Axf8Snsy$tqVWdaPhEnG0VqGKMbAXGB2OJOO8gEpLK6Fp5OnutLg=", "email": "testuser19@test.com", "date_joined": "2015-10-28T21:06:37.807"}, "model": "auth.user", "pk": 23}, {"fields": {"username": "testuser20", "first_name": "Test First Name 20", "last_name": "Test Last Name 20", "is_active": true, "is_superuser": false, "is_staff": false, "last_login": "2015-10-28T21:06:38.371", "groups": [], "user_permissions": [], "password": "pbkdf2_sha256$15000$qRnoGVedtHjG$fxRmiUgvydWOrZdK47cMBTsQ2kH7aSMUB6GENcvnkRg=", "email": "testuser20@test.com", "date_joined": "2015-10-28T21:06:38.371"}, "model": "auth.user", "pk": 24}, {"fields": {"username": "testuser21", "first_name": "Test First Name 21", "last_name": "Test Last Name 21", "is_active": true, "is_superuser": false, "is_staff": false, "last_login": "2015-10-28T21:06:39.137", "groups": [], "user_permissions": [], "password": "pbkdf2_sha256$15000$bBF8zwRYgB1N$+8xcIX6yvEjBVg19f/LTbB/Zwp+Br7lrpf7h9XidtcM=", "email": "testuser21@test.com", "date_joined": "2015-10-28T21:06:39.137"}, "model": "auth.user", "pk": 25}, {"fields": {"username": "testuser22", "first_name": "Test First Name 22", "last_name": "Test Last Name 22", "is_active": true, "is_superuser": false, "is_staff": false, "last_login": "2015-10-28T21:06:39.891", "groups": [], "user_permissions": [], "password": "pbkdf2_sha256$15000$xMuZZVWoxtqh$+Sn6qP6mNSlwwjpk/7n8AGKt6uJJ23u1jo+Hp3QgFts=", "email": "testuser22@test.com", "date_joined": "2015-10-28T21:06:39.891"}, "model": "auth.user", "pk": 26}, {"fields": {"username": "testuser23", "first_name": "Test First Name 23", "last_name": "Test Last Name 23", "is_active": true, "is_superuser": false, "is_staff": false, "last_login": "2015-10-28T21:06:40.624", "groups": [], "user_permissions": [], "password": "pbkdf2_sha256$15000$Tul2BSz11sS6$DeZ66pWKL1mjzmhnzdKhnZTM0oTuN1XHeG6HLgAUpsM=", "email": "testuser23@test.com", "date_joined": "2015-10-28T21:06:40.624"}, "model": "auth.user", "pk": 27}, {"fields": {"username": "testuser24", "first_name": "Test First Name 24", "last_name": "Test Last Name 24", "is_active": true, "is_superuser": false, "is_staff": false, "last_login": "2015-10-28T21:06:41.331", "groups": [], "user_permissions": [], "password": "pbkdf2_sha256$15000$P1WAjgJW3Duk$Yxlbiv+Nmi3jYgQdto7iv7aIk0MlMJBl/R9XJF0djng=", "email": "testuser24@test.com", "date_joined": "2015-10-28T21:06:41.331"}, "model": "auth.user", "pk": 28}, {"fields": {"username": "testuser25", "first_name": "Test First Name 25", "last_name": "Test Last Name 25", "is_active": true, "is_superuser": false, "is_staff": false, "last_login": "2015-10-28T21:06:41.971", "groups": [], "user_permissions": [], "password": "pbkdf2_sha256$15000$cVaBNAdtdTNl$A5KlGtxuD3DqPZHDJfDQjL+fRUVONZGQmZbvxqGZ8eE=", "email": "testuser25@test.com", "date_joined": "2015-10-28T21:06:41.971"}, "model": "auth.user", "pk": 29}, {"fields": {"username": "testuser26", "first_name": "Test First Name 26", "last_name": "Test Last Name 26", "is_active": true, "is_superuser": false, "is_staff": false, "last_login": "2015-10-28T21:06:42.579", "groups": [], "user_permissions": [], "password": "pbkdf2_sha256$15000$Slw7D5ShmbsA$gDJMgkJiCIXT62eEQbIZfTR6s6tLRbi3fV7EqvPUJoA=", "email": "testuser26@test.com", "date_joined": "2015-10-28T21:06:42.579"}, "model": "auth.user", "pk": 30}, {"fields": {"username": "testuser27", "first_name": "Test First Name 27", "last_name": "Test Last Name 27", "is_active": true, "is_superuser": false, "is_staff": false, "last_login": "2015-10-28T21:06:43.270", "groups": [], "user_permissions": [], "password": "pbkdf2_sha256$15000$osHDYsvcM3OA$THqAieXfUWc3PuPduwRbgEID7Ipc91sR6H03TOwG7S8=", "email": "testuser27@test.com", "date_joined": "2015-10-28T21:06:43.270"}, "model": "auth.user", "pk": 31}, {"fields": {"username": "testuser28", "first_name": "Test First Name 28", "last_name": "Test Last Name 28", "is_active": true, "is_superuser": false, "is_staff": false, "last_login": "2015-10-28T21:06:43.959", "groups": [], "user_permissions": [], "password": "pbkdf2_sha256$15000$nlhnr7tRpHmK$s/sGIz2FahVNjoGZcPdouErjsFhOaHbFC2djq5NXNLs=", "email": "testuser28@test.com", "date_joined": "2015-10-28T21:06:43.959"}, "model": "auth.user", "pk": 32}, {"fields": {"username": "testuser29", "first_name": "Test First Name 29", "last_name": "Test Last Name 29", "is_active": true, "is_superuser": false, "is_staff": false, "last_login": "2015-10-28T21:06:44.906", "groups": [], "user_permissions": [], "password": "pbkdf2_sha256$15000$4KwhuTXlq4JX$OfBCbxKum9WL+5oeUBtfNNnt+hXIPOPeqyWD/vgndIk=", "email": "testuser29@test.com", "date_joined": "2015-10-28T21:06:44.906"}, "model": "auth.user", "pk": 33}, {"fields": {"username": "testuser30", "first_name": "Test First Name 30", "last_name": "Test Last Name 30", "is_active": true, "is_superuser": false, "is_staff": false, "last_login": "2015-10-28T21:06:46.982", "groups": [], "user_permissions": [], "password": "pbkdf2_sha256$15000$3eDeT5AYHfOi$4VJfRZPfIfIMRDnvkJMBk1rNXGmViGDu6HJvGKfGWu4=", "email": "testuser30@test.com", "date_joined": "2015-10-28T21:06:46.982"}, "model": "auth.user", "pk": 34}, {"fields": {"username": "testuser31", "first_name": "Test First Name 31", "last_name": "Test Last Name 31", "is_active": true, "is_superuser": false, "is_staff": false, "last_login": "2015-10-28T21:06:47.560", "groups": [], "user_permissions": [], "password": "pbkdf2_sha256$15000$1tC0d1qVXBPR$9EMckY8zrjPn+TlmQlhc31ioheNSaWEaIt9hp0+tJok=", "email": "testuser31@test.com", "date_joined": "2015-10-28T21:06:47.560"}, "model": "auth.user", "pk": 35}, {"fields": {"username": "testuser32", "first_name": "Test First Name 32", "last_name": "Test Last Name 32", "is_active": true, "is_superuser": false, "is_staff": false, "last_login": "2015-10-28T21:06:48.314", "groups": [], "user_permissions": [], "password": "pbkdf2_sha256$15000$5oQWQX0VEXNR$mwTPaPsyAdssbZiLNna5asZtYqKndSJbH73SM//LjlY=", "email": "testuser32@test.com", "date_joined": "2015-10-28T21:06:48.314"}, "model": "auth.user", "pk": 36}, {"fields": {"username": "testuser33", "first_name": "Test First Name 33", "last_name": "Test Last Name 33", "is_active": true, "is_superuser": false, "is_staff": false, "last_login": "2015-10-28T21:06:49.116", "groups": [], "user_permissions": [], "password": "pbkdf2_sha256$15000$I0wt6qnpezOp$qtaeNb7ZzxhPXx+YOeWUFLVgw+BZDq4MTUnTIJTE+ZU=", "email": "testuser33@test.com", "date_joined": "2015-10-28T21:06:49.116"}, "model": "auth.user", "pk": 37}, {"fields": {"username": "testuser34", "first_name": "Test First Name 34", "last_name": "Test Last Name 34", "is_active": true, "is_superuser": false, "is_staff": false, "last_login": "2015-10-28T21:06:49.694", "groups": [], "user_permissions": [], "password": "pbkdf2_sha256$15000$MVspgMQk6ETf$Tbn5Ug27XhmhWzWU60z5W1ADD3e5TnKNRcY2kHG5u/w=", "email": "testuser34@test.com", "date_joined": "2015-10-28T21:06:49.694"}, "model": "auth.user", "pk": 38}, {"fields": {"username": "testuser35", "first_name": "Test First Name 35", "last_name": "Test Last Name 35", "is_active": true, "is_superuser": false, "is_staff": false, "last_login": "2015-10-28T21:06:50.310", "groups": [], "user_permissions": [], "password": "pbkdf2_sha256$15000$8BnGEnN8Wt4z$RzqLu1tun2NNrNenIJt8urrJWeH0u99VlqWgthd/KWQ=", "email": "testuser35@test.com", "date_joined": "2015-10-28T21:06:50.310"}, "model": "auth.user", "pk": 39}, {"fields": {"username": "testuser36", "first_name": "Test First Name 36", "last_name": "Test Last Name 36", "is_active": true, "is_superuser": false, "is_staff": false, "last_login": "2015-10-28T21:06:50.904", "groups": [], "user_permissions": [], "password": "pbkdf2_sha256$15000$YNwMNUjofUaQ$7h7Ghqrzdq9yCah1GfqtFj3zOGyVMyeqY0Xr5a41hLc=", "email": "testuser36@test.com", "date_joined": "2015-10-28T21:06:50.904"}, "model": "auth.user", "pk": 40}, {"fields": {"username": "testuser37", "first_name": "Test First Name 37", "last_name": "Test Last Name 37", "is_active": true, "is_superuser": false, "is_staff": false, "last_login": "2015-10-28T21:06:51.708", "groups": [], "user_permissions": [], "password": "pbkdf2_sha256$15000$SdnMeNHXtAEU$owpVGtx73RFtLt+bGMG3baEcHqgHHg4zoyI2YWeimP4=", "email": "testuser37@test.com", "date_joined": "2015-10-28T21:06:51.708"}, "model": "auth.user", "pk": 41}, {"fields": {"username": "testuser38", "first_name": "Test First Name 38", "last_name": "Test Last Name 38", "is_active": true, "is_superuser": false, "is_staff": false, "last_login": "2015-10-28T21:06:52.323", "groups": [], "user_permissions": [], "password": "pbkdf2_sha256$15000$pUNPAOe9BYtr$zjAsbSzJyEase+Zr/1B966kbbtktjHCku++O/LWWG0w=", "email": "testuser38@test.com", "date_joined": "2015-10-28T21:06:52.323"}, "model": "auth.user", "pk": 42}, {"fields": {"username": "testuser39", "first_name": "Test First Name 39", "last_name": "Test Last Name 39", "is_active": true, "is_superuser": false, "is_staff": false, "last_login": "2015-10-28T21:06:52.911", "groups": [], "user_permissions": [], "password": "pbkdf2_sha256$15000$t7Pv23jQaLf3$PubC+mrtfhQaNaFWrQ2Tpw1JCuQOtqIAI/4v7jsI1Ks=", "email": "testuser39@test.com", "date_joined": "2015-10-28T21:06:52.911"}, "model": "auth.user", "pk": 43}, {"fields": {"username": "testuser40", "first_name": "Test First Name 40", "last_name": "Test Last Name 40", "is_active": true, "is_superuser": false, "is_staff": false, "last_login": "2015-10-28T21:06:53.507", "groups": [], "user_permissions": [], "password": "pbkdf2_sha256$15000$mX4zRglRZOCL$5mWy851awt5gssDgJCqXotwM91GGH59yBSzlT3ii0FM=", "email": "testuser40@test.com", "date_joined": "2015-10-28T21:06:53.507"}, "model": "auth.user", "pk": 44}, {"fields": {"username": "testuser41", "first_name": "Test First Name 41", "last_name": "Test Last Name 41", "is_active": true, "is_superuser": false, "is_staff": false, "last_login": "2015-10-28T21:06:54.194", "groups": [], "user_permissions": [], "password": "pbkdf2_sha256$15000$2BrwFzOcKIQ2$yQwYXhyZbX0nU1DXlYjiRiYW4s1X3JkRW/CYjohqhpg=", "email": "testuser41@test.com", "date_joined": "2015-10-28T21:06:54.194"}, "model": "auth.user", "pk": 45}, {"fields": {"username": "testuser42", "first_name": "Test First Name 42", "last_name": "Test Last Name 42", "is_active": true, "is_superuser": false, "is_staff": false, "last_login": "2015-10-28T21:06:55.069", "groups": [], "user_permissions": [], "password": "pbkdf2_sha256$15000$x3ivcx4xucWh$hkd4S7oNc+zis6MPeVoAwLlB8xSZw6H0HTcAo49jYF0=", "email": "testuser42@test.com", "date_joined": "2015-10-28T21:06:55.069"}, "model": "auth.user", "pk": 46}, {"fields": {"username": "testuser43", "first_name": "Test First Name 43", "last_name": "Test Last Name 43", "is_active": true, "is_superuser": false, "is_staff": false, "last_login": "2015-10-28T21:06:55.891", "groups": [], "user_permissions": [], "password": "pbkdf2_sha256$15000$V1GI5UYcxu8R$RiL5XT5UTiNuwX1J7j/ZGzy9OU/1xazqM2A0ZHE3YN8=", "email": "testuser43@test.com", "date_joined": "2015-10-28T21:06:55.891"}, "model": "auth.user", "pk": 47}, {"fields": {"username": "testuser44", "first_name": "Test First Name 44", "last_name": "Test Last Name 44", "is_active": true, "is_superuser": false, "is_staff": false, "last_login": "2015-10-28T21:06:56.469", "groups": [], "user_permissions": [], "password": "pbkdf2_sha256$15000$e2gWqEEvlSGD$ar/TJ8x0OVq3mtsY+OBu9RZ4Pv0aWRjleUx5FUs1yig=", "email": "testuser44@test.com", "date_joined": "2015-10-28T21:06:56.469"}, "model": "auth.user", "pk": 48}, {"fields": {"username": "testuser45", "first_name": "Test First Name 45", "last_name": "Test Last Name 45", "is_active": true, "is_superuser": false, "is_staff": false, "last_login": "2015-10-28T21:06:57.056", "groups": [], "user_permissions": [], "password": "pbkdf2_sha256$15000$tvQcBuchOimp$kaGdCVnUER3//f/DaeCBpRVnubryq1iDVrb78/JfofQ=", "email": "testuser45@test.com", "date_joined": "2015-10-28T21:06:57.056"}, "model": "auth.user", "pk": 49}, {"fields": {"username": "testuser46", "first_name": "Test First Name 46", "last_name": "Test Last Name 46", "is_active": true, "is_superuser": false, "is_staff": false, "last_login": "2015-10-28T21:06:57.709", "groups": [], "user_permissions": [], "password": "pbkdf2_sha256$15000$P3SrdA4cXNUA$dun5D5vfkWO3rfQDRZ4BGDL+q2wlonBoEwyohu2nNhE=", "email": "testuser46@test.com", "date_joined": "2015-10-28T21:06:57.709"}, "model": "auth.user", "pk": 50}, {"fields": {"username": "testuser47", "first_name": "Test First Name 47", "last_name": "Test Last Name 47", "is_active": true, "is_superuser": false, "is_staff": false, "last_login": "2015-10-28T21:06:58.325", "groups": [], "user_permissions": [], "password": "pbkdf2_sha256$15000$9Sy7748EIVWs$wp4DCsUC6wlIPQLZomRC1XYahzjV6Of9OgwoTulQuCQ=", "email": "testuser47@test.com", "date_joined": "2015-10-28T21:06:58.325"}, "model": "auth.user", "pk": 51}, {"fields": {"username": "testuser48", "first_name": "Test First Name 48", "last_name": "Test Last Name 48", "is_active": true, "is_superuser": false, "is_staff": false, "last_login": "2015-10-28T21:06:58.909", "groups": [], "user_permissions": [], "password": "pbkdf2_sha256$15000$kq30UDrmWPtP$TZl+08fY04x7cTk6zJDHu7Oy314oamKWwlnlZJ061RI=", "email": "testuser48@test.com", "date_joined": "2015-10-28T21:06:58.909"}, "model": "auth.user", "pk": 52}, {"fields": {"username": "testuser49", "first_name": "Test First Name 49", "last_name": "Test Last Name 49", "is_active": true, "is_superuser": false, "is_staff": false, "last_login": "2015-10-28T21:06:59.613", "groups": [], "user_permissions": [], "password": "pbkdf2_sha256$15000$szRcqAz3JxVp$+KFUmvxzmV/n++QkYwFyXvhKKDATb2SOWYvD+rAZtE0=", "email": "testuser49@test.com", "date_joined": "2015-10-28T21:06:59.613"}, "model": "auth.user", "pk": 53}, {"fields": {"category": 6, "status": 1, "topBid": 0.0, "title": "Test Book", "lastModifiedDate": "2015-10-28T19:34:21.248", "winner": "", "itemDescription": "This is a test book", "seller": 3, "deadline": "2015-10-31T19:48:00", "createdDate": "2015-10-28T19:34:21.248", "minPrice": 20.0, "topBidNo": 0}, "model": "Auctions.auction", "pk": 1}, {"fields": {"category": 4, "status": 1, "topBid": 0.0, "title": "Test Furniture", "lastModifiedDate": "2015-10-28T19:34:21.248", "winner": "", "itemDescription": "This is a test", "seller": 3, "deadline": "2015-10-31T19:48:00", "createdDate": "2015-10-28T19:34:21.248", "minPrice": 34.0, "topBidNo": 0}, "model": "Auctions.auction", "pk": 2}, {"fields": {"category": 2, "status": 1, "topBid": 0.0, "title": "Test Laptop", "lastModifiedDate": "2015-10-28T19:34:21.248", "winner": "", "itemDescription": "This is a test", "seller": 2, "deadline": "2015-10-31T19:49:00", "createdDate": "2015-10-28T19:34:21.248", "minPrice": 50.0, "topBidNo": 0}, "model": "Auctions.auction", "pk": 3}, {"fields": {"category": 1, "status": 1, "topBid": 0.0, "title": "Test Mobile", "lastModifiedDate": "2015-10-28T19:34:21.248", "winner": "", "itemDescription": "This is a test", "seller": 2, "deadline": "2015-10-31T19:50:00", "createdDate": "2015-10-28T19:34:21.248", "minPrice": 60.0, "topBidNo": 0}, "model": "Auctions.auction", "pk": 4}, {"fields": {"category": 5, "status": 1, "topBid": 3.0, "title": "Test Auction 1", "lastModifiedDate": "2015-10-28T21:06:07.218", "winner": "", "itemDescription": "This is a test", "seller": 5, "deadline": "2015-12-30T20:52:00", "createdDate": "2015-10-28T21:06:07.218", "minPrice": 1.0, "topBidNo": 1}, "model": "Auctions.auction", "pk": 5}, {"fields": {"category": 5, "status": 1, "topBid": 2.0, "title": "Test Auction 2", "lastModifiedDate": "2015-10-28T21:06:07.218", "winner": "", "itemDescription": "This is a test", "seller": 6, "deadline": "2015-12-30T20:52:00", "createdDate": "2015-10-28T21:06:07.218", "minPrice": 1.0, "topBidNo": 1}, "model": "Auctions.auction", "pk": 6}, {"fields": {"category": 5, "status": 1, "topBid": 3.0, "title": "Test Auction 3", "lastModifiedDate": "2015-10-28T21:06:07.218", "winner": "", "itemDescription": "This is a test", "seller": 7, "deadline": "2015-12-30T20:52:00", "createdDate": "2015-10-28T21:06:07.218", "minPrice": 1.0, "topBidNo": 2}, "model": "Auctions.auction", "pk": 7}, {"fields": {"category": 5, "status": 1, "topBid": 4.0, "title": "Test Auction 4", "lastModifiedDate": "2015-10-28T21:06:07.218", "winner": "", "itemDescription": "This is a test", "seller": 8, "deadline": "2015-12-30T20:52:00", "createdDate": "2015-10-28T21:06:07.218", "minPrice": 1.0, "topBidNo": 2}, "model": "Auctions.auction", "pk": 8}, {"fields": {"category": 5, "status": 1, "topBid": 4.0, "title": "Test Auction 5", "lastModifiedDate": "2015-10-28T21:06:07.218", "winner": "", "itemDescription": "This is a test", "seller": 9, "deadline": "2015-12-30T20:52:00", "createdDate": "2015-10-28T21:06:07.218", "minPrice": 1.0, "topBidNo": 1}, "model": "Auctions.auction", "pk": 9}, {"fields": {"category": 5, "status": 1, "topBid": 0.0, "title": "Test Auction 6", "lastModifiedDate": "2015-10-28T21:06:07.218", "winner": "", "itemDescription": "This is a test", "seller": 10, "deadline": "2015-12-30T20:52:00", "createdDate": "2015-10-28T21:06:07.218", "minPrice": 1.0, "topBidNo": 0}, "model": "Auctions.auction", "pk": 10}, {"fields": {"category": 5, "status": 1, "topBid": 0.0, "title": "Test Auction 7", "lastModifiedDate": "2015-10-28T21:06:07.218", "winner": "", "itemDescription": "This is a test", "seller": 11, "deadline": "2015-12-30T20:52:00", "createdDate": "2015-10-28T21:06:07.218", "minPrice": 1.0, "topBidNo": 0}, "model": "Auctions.auction", "pk": 11}, {"fields": {"category": 5, "status": 1, "topBid": 0.0, "title": "Test Auction 8", "lastModifiedDate": "2015-10-28T21:06:07.218", "winner": "", "itemDescription": "This is a test", "seller": 12, "deadline": "2015-12-30T20:52:00", "createdDate": "2015-10-28T21:06:07.218", "minPrice": 1.0, "topBidNo": 0}, "model": "Auctions.auction", "pk": 12}, {"fields": {"category": 5, "status": 1, "topBid": 0.0, "title": "Test Auction 9", "lastModifiedDate": "2015-10-28T21:06:07.218", "winner": "", "itemDescription": "This is a test", "seller": 13, "deadline": "2015-12-30T20:52:00", "createdDate": "2015-10-28T21:06:07.218", "minPrice": 1.0, "topBidNo": 0}, "model": "Auctions.auction", "pk": 13}, {"fields": {"category": 5, "status": 1, "topBid": 0.0, "title": "Test Auction 10", "lastModifiedDate": "2015-10-28T21:06:07.218", "winner": "", "itemDescription": "This is a test", "seller": 14, "deadline": "2015-12-30T20:52:00", "createdDate": "2015-10-28T21:06:07.218", "minPrice": 1.0, "topBidNo": 0}, "model": "Auctions.auction", "pk": 14}, {"fields": {"category": 5, "status": 1, "topBid": 0.0, "title": "Test Auction 11", "lastModifiedDate": "2015-10-28T21:06:07.218", "winner": "", "itemDescription": "This is a test", "seller": 15, "deadline": "2015-12-30T20:52:00", "createdDate": "2015-10-28T21:06:07.218", "minPrice": 1.0, "topBidNo": 0}, "model": "Auctions.auction", "pk": 15}, {"fields": {"category": 5, "status": 1, "topBid": 0.0, "title": "Test Auction 12", "lastModifiedDate": "2015-10-28T21:06:07.218", "winner": "", "itemDescription": "This is a test", "seller": 16, "deadline": "2015-12-30T20:52:00", "createdDate": "2015-10-28T21:06:07.218", "minPrice": 1.0, "topBidNo": 0}, "model": "Auctions.auction", "pk": 16}, {"fields": {"category": 5, "status": 1, "topBid": 0.0, "title": "Test Auction 13", "lastModifiedDate": "2015-10-28T21:06:07.218", "winner": "", "itemDescription": "This is a test", "seller": 17, "deadline": "2015-12-30T20:52:00", "createdDate": "2015-10-28T21:06:07.218", "minPrice": 1.0, "topBidNo": 0}, "model": "Auctions.auction", "pk": 17}, {"fields": {"category": 5, "status": 1, "topBid": 0.0, "title": "Test Auction 14", "lastModifiedDate": "2015-10-28T21:06:07.218", "winner": "", "itemDescription": "This is a test", "seller": 18, "deadline": "2015-12-30T20:52:00", "createdDate": "2015-10-28T21:06:07.218", "minPrice": 1.0, "topBidNo": 0}, "model": "Auctions.auction", "pk": 18}, {"fields": {"category": 5, "status": 1, "topBid": 0.0, "title": "Test Auction 15", "lastModifiedDate": "2015-10-28T21:06:07.218", "winner": "", "itemDescription": "This is a test", "seller": 19, "deadline": "2015-12-30T20:52:00", "createdDate": "2015-10-28T21:06:07.218", "minPrice": 1.0, "topBidNo": 0}, "model": "Auctions.auction", "pk": 19}, {"fields": {"category": 5, "status": 1, "topBid": 0.0, "title": "Test Auction 16", "lastModifiedDate": "2015-10-28T21:06:07.218", "winner": "", "itemDescription": "This is a test", "seller": 20, "deadline": "2015-12-30T20:52:00", "createdDate": "2015-10-28T21:06:07.218", "minPrice": 1.0, "topBidNo": 0}, "model": "Auctions.auction", "pk": 20}, {"fields": {"category": 5, "status": 1, "topBid": 0.0, "title": "Test Auction 17", "lastModifiedDate": "2015-10-28T21:06:07.218", "winner": "", "itemDescription": "This is a test", "seller": 21, "deadline": "2015-12-30T20:52:00", "createdDate": "2015-10-28T21:06:07.218", "minPrice": 1.0, "topBidNo": 0}, "model": "Auctions.auction", "pk": 21}, {"fields": {"category": 5, "status": 1, "topBid": 0.0, "title": "Test Auction 18", "lastModifiedDate": "2015-10-28T21:06:07.218", "winner": "", "itemDescription": "This is a test", "seller": 22, "deadline": "2015-12-30T20:52:00", "createdDate": "2015-10-28T21:06:07.218", "minPrice": 1.0, "topBidNo": 0}, "model": "Auctions.auction", "pk": 22}, {"fields": {"category": 5, "status": 1, "topBid": 0.0, "title": "Test Auction 19", "lastModifiedDate": "2015-10-28T21:06:07.218", "winner": "", "itemDescription": "This is a test", "seller": 23, "deadline": "2015-12-30T20:52:00", "createdDate": "2015-10-28T21:06:07.218", "minPrice": 1.0, "topBidNo": 0}, "model": "Auctions.auction", "pk": 23}, {"fields": {"category": 5, "status": 1, "topBid": 0.0, "title": "Test Auction 20", "lastModifiedDate": "2015-10-28T21:06:07.218", "winner": "", "itemDescription": "This is a test", "seller": 24, "deadline": "2015-12-30T20:52:00", "createdDate": "2015-10-28T21:06:07.218", "minPrice": 1.0, "topBidNo": 0}, "model": "Auctions.auction", "pk": 24}, {"fields": {"category": 5, "status": 1, "topBid": 0.0, "title": "Test Auction 21", "lastModifiedDate": "2015-10-28T21:06:07.218", "winner": "", "itemDescription": "This is a test", "seller": 25, "deadline": "2015-12-30T20:52:00", "createdDate": "2015-10-28T21:06:07.218", "minPrice": 1.0, "topBidNo": 0}, "model": "Auctions.auction", "pk": 25}, {"fields": {"category": 5, "status": 1, "topBid": 0.0, "title": "Test Auction 22", "lastModifiedDate": "2015-10-28T21:06:07.218", "winner": "", "itemDescription": "This is a test", "seller": 26, "deadline": "2015-12-30T20:52:00", "createdDate": "2015-10-28T21:06:07.218", "minPrice": 1.0, "topBidNo": 0}, "model": "Auctions.auction", "pk": 26}, {"fields": {"category": 5, "status": 1, "topBid": 0.0, "title": "Test Auction 23", "lastModifiedDate": "2015-10-28T21:06:07.218", "winner": "", "itemDescription": "This is a test", "seller": 27, "deadline": "2015-12-30T20:52:00", "createdDate": "2015-10-28T21:06:07.218", "minPrice": 1.0, "topBidNo": 0}, "model": "Auctions.auction", "pk": 27}, {"fields": {"category": 5, "status": 1, "topBid": 0.0, "title": "Test Auction 24", "lastModifiedDate": "2015-10-28T21:06:07.218", "winner": "", "itemDescription": "This is a test", "seller": 28, "deadline": "2015-12-30T20:52:00", "createdDate": "2015-10-28T21:06:07.218", "minPrice": 1.0, "topBidNo": 0}, "model": "Auctions.auction", "pk": 28}, {"fields": {"category": 5, "status": 1, "topBid": 0.0, "title": "Test Auction 25", "lastModifiedDate": "2015-10-28T21:06:07.218", "winner": "", "itemDescription": "This is a test", "seller": 29, "deadline": "2015-12-30T20:52:00", "createdDate": "2015-10-28T21:06:07.218", "minPrice": 1.0, "topBidNo": 0}, "model": "Auctions.auction", "pk": 29}, {"fields": {"category": 5, "status": 1, "topBid": 0.0, "title": "Test Auction 26", "lastModifiedDate": "2015-10-28T21:06:07.218", "winner": "", "itemDescription": "This is a test", "seller": 30, "deadline": "2015-12-30T20:52:00", "createdDate": "2015-10-28T21:06:07.218", "minPrice": 1.0, "topBidNo": 0}, "model": "Auctions.auction", "pk": 30}, {"fields": {"category": 5, "status": 1, "topBid": 0.0, "title": "Test Auction 27", "lastModifiedDate": "2015-10-28T21:06:07.218", "winner": "", "itemDescription": "This is a test", "seller": 31, "deadline": "2015-12-30T20:52:00", "createdDate": "2015-10-28T21:06:07.218", "minPrice": 1.0, "topBidNo": 0}, "model": "Auctions.auction", "pk": 31}, {"fields": {"category": 5, "status": 1, "topBid": 0.0, "title": "Test Auction 28", "lastModifiedDate": "2015-10-28T21:06:07.218", "winner": "", "itemDescription": "This is a test", "seller": 32, "deadline": "2015-12-30T20:52:00", "createdDate": "2015-10-28T21:06:07.218", "minPrice": 1.0, "topBidNo": 0}, "model": "Auctions.auction", "pk": 32}, {"fields": {"category": 5, "status": 1, "topBid": 0.0, "title": "Test Auction 29", "lastModifiedDate": "2015-10-28T21:06:07.218", "winner": "", "itemDescription": "This is a test", "seller": 33, "deadline": "2015-12-30T20:52:00", "createdDate": "2015-10-28T21:06:07.218", "minPrice": 1.0, "topBidNo": 0}, "model": "Auctions.auction", "pk": 33}, {"fields": {"category": 5, "status": 1, "topBid": 0.0, "title": "Test Auction 30", "lastModifiedDate": "2015-10-28T21:06:07.218", "winner": "", "itemDescription": "This is a test", "seller": 34, "deadline": "2015-12-30T20:52:00", "createdDate": "2015-10-28T21:06:07.218", "minPrice": 1.0, "topBidNo": 0}, "model": "Auctions.auction", "pk": 34}, {"fields": {"category": 5, "status": 1, "topBid": 0.0, "title": "Test Auction 31", "lastModifiedDate": "2015-10-28T21:06:07.218", "winner": "", "itemDescription": "This is a test", "seller": 35, "deadline": "2015-12-30T20:52:00", "createdDate": "2015-10-28T21:06:07.218", "minPrice": 1.0, "topBidNo": 0}, "model": "Auctions.auction", "pk": 35}, {"fields": {"category": 5, "status": 1, "topBid": 0.0, "title": "Test Auction 32", "lastModifiedDate": "2015-10-28T21:06:07.218", "winner": "", "itemDescription": "This is a test", "seller": 36, "deadline": "2015-12-30T20:52:00", "createdDate": "2015-10-28T21:06:07.218", "minPrice": 1.0, "topBidNo": 0}, "model": "Auctions.auction", "pk": 36}, {"fields": {"category": 5, "status": 1, "topBid": 0.0, "title": "Test Auction 33", "lastModifiedDate": "2015-10-28T21:06:07.218", "winner": "", "itemDescription": "This is a test", "seller": 37, "deadline": "2015-12-30T20:52:00", "createdDate": "2015-10-28T21:06:07.218", "minPrice": 1.0, "topBidNo": 0}, "model": "Auctions.auction", "pk": 37}, {"fields": {"category": 5, "status": 1, "topBid": 0.0, "title": "Test Auction 34", "lastModifiedDate": "2015-10-28T21:06:07.218", "winner": "", "itemDescription": "This is a test", "seller": 38, "deadline": "2015-12-30T20:52:00", "createdDate": "2015-10-28T21:06:07.218", "minPrice": 1.0, "topBidNo": 0}, "model": "Auctions.auction", "pk": 38}, {"fields": {"category": 5, "status": 1, "topBid": 0.0, "title": "Test Auction 35", "lastModifiedDate": "2015-10-28T21:06:07.218", "winner": "", "itemDescription": "This is a test", "seller": 39, "deadline": "2015-12-30T20:52:00", "createdDate": "2015-10-28T21:06:07.218", "minPrice": 1.0, "topBidNo": 0}, "model": "Auctions.auction", "pk": 39}, {"fields": {"category": 5, "status": 1, "topBid": 0.0, "title": "Test Auction 36", "lastModifiedDate": "2015-10-28T21:06:07.218", "winner": "", "itemDescription": "This is a test", "seller": 40, "deadline": "2015-12-30T20:52:00", "createdDate": "2015-10-28T21:06:07.218", "minPrice": 1.0, "topBidNo": 0}, "model": "Auctions.auction", "pk": 40}, {"fields": {"category": 5, "status": 1, "topBid": 0.0, "title": "Test Auction 37", "lastModifiedDate": "2015-10-28T21:06:07.218", "winner": "", "itemDescription": "This is a test", "seller": 41, "deadline": "2015-12-30T20:52:00", "createdDate": "2015-10-28T21:06:07.218", "minPrice": 1.0, "topBidNo": 0}, "model": "Auctions.auction", "pk": 41}, {"fields": {"category": 5, "status": 1, "topBid": 0.0, "title": "Test Auction 38", "lastModifiedDate": "2015-10-28T21:06:07.218", "winner": "", "itemDescription": "This is a test", "seller": 42, "deadline": "2015-12-30T20:52:00", "createdDate": "2015-10-28T21:06:07.218", "minPrice": 1.0, "topBidNo": 0}, "model": "Auctions.auction", "pk": 42}, {"fields": {"category": 5, "status": 1, "topBid": 0.0, "title": "Test Auction 39", "lastModifiedDate": "2015-10-28T21:06:07.218", "winner": "", "itemDescription": "This is a test", "seller": 43, "deadline": "2015-12-30T20:52:00", "createdDate": "2015-10-28T21:06:07.218", "minPrice": 1.0, "topBidNo": 0}, "model": "Auctions.auction", "pk": 43}, {"fields": {"category": 5, "status": 1, "topBid": 0.0, "title": "Test Auction 40", "lastModifiedDate": "2015-10-28T21:06:07.218", "winner": "", "itemDescription": "This is a test", "seller": 44, "deadline": "2015-12-30T20:52:00", "createdDate": "2015-10-28T21:06:07.218", "minPrice": 1.0, "topBidNo": 0}, "model": "Auctions.auction", "pk": 44}, {"fields": {"category": 5, "status": 1, "topBid": 0.0, "title": "Test Auction 41", "lastModifiedDate": "2015-10-28T21:06:07.218", "winner": "", "itemDescription": "This is a test", "seller": 45, "deadline": "2015-12-30T20:52:00", "createdDate": "2015-10-28T21:06:07.218", "minPrice": 1.0, "topBidNo": 0}, "model": "Auctions.auction", "pk": 45}, {"fields": {"category": 5, "status": 1, "topBid": 0.0, "title": "Test Auction 42", "lastModifiedDate": "2015-10-28T21:06:07.218", "winner": "", "itemDescription": "This is a test", "seller": 46, "deadline": "2015-12-30T20:52:00", "createdDate": "2015-10-28T21:06:07.218", "minPrice": 1.0, "topBidNo": 0}, "model": "Auctions.auction", "pk": 46}, {"fields": {"category": 5, "status": 1, "topBid": 0.0, "title": "Test Auction 43", "lastModifiedDate": "2015-10-28T21:06:07.218", "winner": "", "itemDescription": "This is a test", "seller": 47, "deadline": "2015-12-30T20:52:00", "createdDate": "2015-10-28T21:06:07.218", "minPrice": 1.0, "topBidNo": 0}, "model": "Auctions.auction", "pk": 47}, {"fields": {"category": 5, "status": 1, "topBid": 0.0, "title": "Test Auction 44", "lastModifiedDate": "2015-10-28T21:06:07.218", "winner": "", "itemDescription": "This is a test", "seller": 48, "deadline": "2015-12-30T20:52:00", "createdDate": "2015-10-28T21:06:07.218", "minPrice": 1.0, "topBidNo": 0}, "model": "Auctions.auction", "pk": 48}, {"fields": {"category": 5, "status": 1, "topBid": 0.0, "title": "Test Auction 45", "lastModifiedDate": "2015-10-28T21:06:07.218", "winner": "", "itemDescription": "This is a test", "seller": 49, "deadline": "2015-12-30T20:52:00", "createdDate": "2015-10-28T21:06:07.218", "minPrice": 1.0, "topBidNo": 0}, "model": "Auctions.auction", "pk": 49}, {"fields": {"category": 5, "status": 1, "topBid": 0.0, "title": "Test Auction 46", "lastModifiedDate": "2015-10-28T21:06:07.218", "winner": "", "itemDescription": "This is a test", "seller": 50, "deadline": "2015-12-30T20:52:00", "createdDate": "2015-10-28T21:06:07.218", "minPrice": 1.0, "topBidNo": 0}, "model": "Auctions.auction", "pk": 50}, {"fields": {"category": 5, "status": 1, "topBid": 0.0, "title": "Test Auction 47", "lastModifiedDate": "2015-10-28T21:06:07.218", "winner": "", "itemDescription": "This is a test", "seller": 51, "deadline": "2015-12-30T20:52:00", "createdDate": "2015-10-28T21:06:07.218", "minPrice": 1.0, "topBidNo": 0}, "model": "Auctions.auction", "pk": 51}, {"fields": {"category": 5, "status": 1, "topBid": 0.0, "title": "Test Auction 48", "lastModifiedDate": "2015-10-28T21:06:07.218", "winner": "", "itemDescription": "This is a test", "seller": 52, "deadline": "2015-12-30T20:52:00", "createdDate": "2015-10-28T21:06:07.218", "minPrice": 1.0, "topBidNo": 0}, "model": "Auctions.auction", "pk": 52}, {"fields": {"category": 5, "status": 1, "topBid": 0.0, "title": "Test Auction 49", "lastModifiedDate": "2015-10-28T21:06:07.218", "winner": "", "itemDescription": "This is a test", "seller": 53, "deadline": "2015-12-30T20:52:00", "createdDate": "2015-10-28T21:06:07.218", "minPrice": 1.0, "topBidNo": 0}, "model": "Auctions.auction", "pk": 53}, {"fields": {"comment": "", "bidDate": "2015-10-28T21:09:03.816", "bidNumber": 1, "auction": 6, "amount": 2.0, "bidUser": 5}, "model": "Auctions.auction_bid", "pk": 1}, {"fields": {"comment": "", "bidDate": "2015-10-28T21:09:17.324", "bidNumber": 1, "auction": 7, "amount": 2.0, "bidUser": 5}, "model": "Auctions.auction_bid", "pk": 2}, {"fields": {"comment": "", "bidDate": "2015-10-28T21:09:30.760", "bidNumber": 1, "auction": 8, "amount": 3.0, "bidUser": 5}, "model": "Auctions.auction_bid", "pk": 3}, {"fields": {"comment": "", "bidDate": "2015-10-28T21:09:55.003", "bidNumber": 2, "auction": 7, "amount": 3.0, "bidUser": 6}, "model": "Auctions.auction_bid", "pk": 4}, {"fields": {"comment": "", "bidDate": "2015-10-28T21:10:15.544", "bidNumber": 2, "auction": 8, "amount": 4.0, "bidUser": 6}, "model": "Auctions.auction_bid", "pk": 5}, {"fields": {"comment": "", "bidDate": "2015-10-28T21:10:26.143", "bidNumber": 1, "auction": 9, "amount": 4.0, "bidUser": 6}, "model": "Auctions.auction_bid", "pk": 6}, {"fields": {"comment": "", "bidDate": "2015-10-28T21:10:43.506", "bidNumber": 1, "auction": 5, "amount": 3.0, "bidUser": 6}, "model": "Auctions.auction_bid", "pk": 7}, {"fields": {"address": "Some test address", "phone": "1234566", "defaultLang": "en", "user": 2, "lastUpdatedDate": "2015-10-28T19:34:21.254", "createdDate": "2015-10-28T19:34:21.254"}, "model": "Users.auction_user", "pk": 1}, {"fields": {"address": "some test address", "phone": "1234567", "defaultLang": "en", "user": 3, "lastUpdatedDate": "2015-10-28T19:34:21.254", "createdDate": "2015-10-28T19:34:21.254"}, "model": "Users.auction_user", "pk": 2}, {"fields": {"address": "Test Address ", "phone": "1234567", "defaultLang": "en", "user": 5, "lastUpdatedDate": "2015-10-28T21:06:07.226", "createdDate": "2015-10-28T21:06:07.226"}, "model": "Users.auction_user", "pk": 4}, {"fields": {"address": "Test Address ", "phone": "1234567", "defaultLang": "en", "user": 6, "lastUpdatedDate": "2015-10-28T21:06:07.226", "createdDate": "2015-10-28T21:06:07.226"}, "model": "Users.auction_user", "pk": 5}, {"fields": {"address": "Test Address ", "phone": "1234567", "defaultLang": "en", "user": 7, "lastUpdatedDate": "2015-10-28T21:06:07.226", "createdDate": "2015-10-28T21:06:07.226"}, "model": "Users.auction_user", "pk": 6}, {"fields": {"address": "Test Address ", "phone": "1234567", "defaultLang": "en", "user": 8, "lastUpdatedDate": "2015-10-28T21:06:07.226", "createdDate": "2015-10-28T21:06:07.226"}, "model": "Users.auction_user", "pk": 7}, {"fields": {"address": "Test Address ", "phone": "1234567", "defaultLang": "en", "user": 9, "lastUpdatedDate": "2015-10-28T21:06:07.226", "createdDate": "2015-10-28T21:06:07.226"}, "model": "Users.auction_user", "pk": 8}, {"fields": {"address": "Test Address ", "phone": "1234567", "defaultLang": "en", "user": 10, "lastUpdatedDate": "2015-10-28T21:06:07.226", "createdDate": "2015-10-28T21:06:07.226"}, "model": "Users.auction_user", "pk": 9}, {"fields": {"address": "Test Address ", "phone": "1234567", "defaultLang": "en", "user": 11, "lastUpdatedDate": "2015-10-28T21:06:07.226", "createdDate": "2015-10-28T21:06:07.226"}, "model": "Users.auction_user", "pk": 10}, {"fields": {"address": "Test Address ", "phone": "1234567", "defaultLang": "en", "user": 12, "lastUpdatedDate": "2015-10-28T21:06:07.226", "createdDate": "2015-10-28T21:06:07.226"}, "model": "Users.auction_user", "pk": 11}, {"fields": {"address": "Test Address ", "phone": "1234567", "defaultLang": "en", "user": 13, "lastUpdatedDate": "2015-10-28T21:06:07.226", "createdDate": "2015-10-28T21:06:07.226"}, "model": "Users.auction_user", "pk": 12}, {"fields": {"address": "Test Address ", "phone": "1234567", "defaultLang": "en", "user": 14, "lastUpdatedDate": "2015-10-28T21:06:07.226", "createdDate": "2015-10-28T21:06:07.226"}, "model": "Users.auction_user", "pk": 13}, {"fields": {"address": "Test Address ", "phone": "1234567", "defaultLang": "en", "user": 15, "lastUpdatedDate": "2015-10-28T21:06:07.226", "createdDate": "2015-10-28T21:06:07.226"}, "model": "Users.auction_user", "pk": 14}, {"fields": {"address": "Test Address ", "phone": "1234567", "defaultLang": "en", "user": 16, "lastUpdatedDate": "2015-10-28T21:06:07.226", "createdDate": "2015-10-28T21:06:07.226"}, "model": "Users.auction_user", "pk": 15}, {"fields": {"address": "Test Address ", "phone": "1234567", "defaultLang": "en", "user": 17, "lastUpdatedDate": "2015-10-28T21:06:07.226", "createdDate": "2015-10-28T21:06:07.226"}, "model": "Users.auction_user", "pk": 16}, {"fields": {"address": "Test Address ", "phone": "1234567", "defaultLang": "en", "user": 18, "lastUpdatedDate": "2015-10-28T21:06:07.226", "createdDate": "2015-10-28T21:06:07.226"}, "model": "Users.auction_user", "pk": 17}, {"fields": {"address": "Test Address ", "phone": "1234567", "defaultLang": "en", "user": 19, "lastUpdatedDate": "2015-10-28T21:06:07.226", "createdDate": "2015-10-28T21:06:07.226"}, "model": "Users.auction_user", "pk": 18}, {"fields": {"address": "Test Address ", "phone": "1234567", "defaultLang": "en", "user": 20, "lastUpdatedDate": "2015-10-28T21:06:07.226", "createdDate": "2015-10-28T21:06:07.226"}, "model": "Users.auction_user", "pk": 19}, {"fields": {"address": "Test Address ", "phone": "1234567", "defaultLang": "en", "user": 21, "lastUpdatedDate": "2015-10-28T21:06:07.226", "createdDate": "2015-10-28T21:06:07.226"}, "model": "Users.auction_user", "pk": 20}, {"fields": {"address": "Test Address ", "phone": "1234567", "defaultLang": "en", "user": 22, "lastUpdatedDate": "2015-10-28T21:06:07.226", "createdDate": "2015-10-28T21:06:07.226"}, "model": "Users.auction_user", "pk": 21}, {"fields": {"address": "Test Address ", "phone": "1234567", "defaultLang": "en", "user": 23, "lastUpdatedDate": "2015-10-28T21:06:07.226", "createdDate": "2015-10-28T21:06:07.226"}, "model": "Users.auction_user", "pk": 22}, {"fields": {"address": "Test Address ", "phone": "1234567", "defaultLang": "en", "user": 24, "lastUpdatedDate": "2015-10-28T21:06:07.226", "createdDate": "2015-10-28T21:06:07.226"}, "model": "Users.auction_user", "pk": 23}, {"fields": {"address": "Test Address ", "phone": "1234567", "defaultLang": "en", "user": 25, "lastUpdatedDate": "2015-10-28T21:06:07.226", "createdDate": "2015-10-28T21:06:07.226"}, "model": "Users.auction_user", "pk": 24}, {"fields": {"address": "Test Address ", "phone": "1234567", "defaultLang": "en", "user": 26, "lastUpdatedDate": "2015-10-28T21:06:07.226", "createdDate": "2015-10-28T21:06:07.226"}, "model": "Users.auction_user", "pk": 25}, {"fields": {"address": "Test Address ", "phone": "1234567", "defaultLang": "en", "user": 27, "lastUpdatedDate": "2015-10-28T21:06:07.226", "createdDate": "2015-10-28T21:06:07.226"}, "model": "Users.auction_user", "pk": 26}, {"fields": {"address": "Test Address ", "phone": "1234567", "defaultLang": "en", "user": 28, "lastUpdatedDate": "2015-10-28T21:06:07.226", "createdDate": "2015-10-28T21:06:07.226"}, "model": "Users.auction_user", "pk": 27}, {"fields": {"address": "Test Address ", "phone": "1234567", "defaultLang": "en", "user": 29, "lastUpdatedDate": "2015-10-28T21:06:07.226", "createdDate": "2015-10-28T21:06:07.226"}, "model": "Users.auction_user", "pk": 28}, {"fields": {"address": "Test Address ", "phone": "1234567", "defaultLang": "en", "user": 30, "lastUpdatedDate": "2015-10-28T21:06:07.226", "createdDate": "2015-10-28T21:06:07.226"}, "model": "Users.auction_user", "pk": 29}, {"fields": {"address": "Test Address ", "phone": "1234567", "defaultLang": "en", "user": 31, "lastUpdatedDate": "2015-10-28T21:06:07.226", "createdDate": "2015-10-28T21:06:07.226"}, "model": "Users.auction_user", "pk": 30}, {"fields": {"address": "Test Address ", "phone": "1234567", "defaultLang": "en", "user": 32, "lastUpdatedDate": "2015-10-28T21:06:07.226", "createdDate": "2015-10-28T21:06:07.226"}, "model": "Users.auction_user", "pk": 31}, {"fields": {"address": "Test Address ", "phone": "1234567", "defaultLang": "en", "user": 33, "lastUpdatedDate": "2015-10-28T21:06:07.226", "createdDate": "2015-10-28T21:06:07.226"}, "model": "Users.auction_user", "pk": 32}, {"fields": {"address": "Test Address ", "phone": "1234567", "defaultLang": "en", "user": 34, "lastUpdatedDate": "2015-10-28T21:06:07.226", "createdDate": "2015-10-28T21:06:07.226"}, "model": "Users.auction_user", "pk": 33}, {"fields": {"address": "Test Address ", "phone": "1234567", "defaultLang": "en", "user": 35, "lastUpdatedDate": "2015-10-28T21:06:07.226", "createdDate": "2015-10-28T21:06:07.226"}, "model": "Users.auction_user", "pk": 34}, {"fields": {"address": "Test Address ", "phone": "1234567", "defaultLang": "en", "user": 36, "lastUpdatedDate": "2015-10-28T21:06:07.226", "createdDate": "2015-10-28T21:06:07.226"}, "model": "Users.auction_user", "pk": 35}, {"fields": {"address": "Test Address ", "phone": "1234567", "defaultLang": "en", "user": 37, "lastUpdatedDate": "2015-10-28T21:06:07.226", "createdDate": "2015-10-28T21:06:07.226"}, "model": "Users.auction_user", "pk": 36}, {"fields": {"address": "Test Address ", "phone": "1234567", "defaultLang": "en", "user": 38, "lastUpdatedDate": "2015-10-28T21:06:07.226", "createdDate": "2015-10-28T21:06:07.226"}, "model": "Users.auction_user", "pk": 37}, {"fields": {"address": "Test Address ", "phone": "1234567", "defaultLang": "en", "user": 39, "lastUpdatedDate": "2015-10-28T21:06:07.226", "createdDate": "2015-10-28T21:06:07.226"}, "model": "Users.auction_user", "pk": 38}, {"fields": {"address": "Test Address ", "phone": "1234567", "defaultLang": "en", "user": 40, "lastUpdatedDate": "2015-10-28T21:06:07.226", "createdDate": "2015-10-28T21:06:07.226"}, "model": "Users.auction_user", "pk": 39}, {"fields": {"address": "Test Address ", "phone": "1234567", "defaultLang": "en", "user": 41, "lastUpdatedDate": "2015-10-28T21:06:07.226", "createdDate": "2015-10-28T21:06:07.226"}, "model": "Users.auction_user", "pk": 40}, {"fields": {"address": "Test Address ", "phone": "1234567", "defaultLang": "en", "user": 42, "lastUpdatedDate": "2015-10-28T21:06:07.226", "createdDate": "2015-10-28T21:06:07.226"}, "model": "Users.auction_user", "pk": 41}, {"fields": {"address": "Test Address ", "phone": "1234567", "defaultLang": "en", "user": 43, "lastUpdatedDate": "2015-10-28T21:06:07.226", "createdDate": "2015-10-28T21:06:07.226"}, "model": "Users.auction_user", "pk": 42}, {"fields": {"address": "Test Address ", "phone": "1234567", "defaultLang": "en", "user": 44, "lastUpdatedDate": "2015-10-28T21:06:07.226", "createdDate": "2015-10-28T21:06:07.226"}, "model": "Users.auction_user", "pk": 43}, {"fields": {"address": "Test Address ", "phone": "1234567", "defaultLang": "en", "user": 45, "lastUpdatedDate": "2015-10-28T21:06:07.226", "createdDate": "2015-10-28T21:06:07.226"}, "model": "Users.auction_user", "pk": 44}, {"fields": {"address": "Test Address ", "phone": "1234567", "defaultLang": "en", "user": 46, "lastUpdatedDate": "2015-10-28T21:06:07.226", "createdDate": "2015-10-28T21:06:07.226"}, "model": "Users.auction_user", "pk": 45}, {"fields": {"address": "Test Address ", "phone": "1234567", "defaultLang": "en", "user": 47, "lastUpdatedDate": "2015-10-28T21:06:07.226", "createdDate": "2015-10-28T21:06:07.226"}, "model": "Users.auction_user", "pk": 46}, {"fields": {"address": "Test Address ", "phone": "1234567", "defaultLang": "en", "user": 48, "lastUpdatedDate": "2015-10-28T21:06:07.226", "createdDate": "2015-10-28T21:06:07.226"}, "model": "Users.auction_user", "pk": 47}, {"fields": {"address": "Test Address ", "phone": "1234567", "defaultLang": "en", "user": 49, "lastUpdatedDate": "2015-10-28T21:06:07.226", "createdDate": "2015-10-28T21:06:07.226"}, "model": "Users.auction_user", "pk": 48}, {"fields": {"address": "Test Address ", "phone": "1234567", "defaultLang": "en", "user": 50, "lastUpdatedDate": "2015-10-28T21:06:07.226", "createdDate": "2015-10-28T21:06:07.226"}, "model": "Users.auction_user", "pk": 49}, {"fields": {"address": "Test Address ", "phone": "1234567", "defaultLang": "en", "user": 51, "lastUpdatedDate": "2015-10-28T21:06:07.226", "createdDate": "2015-10-28T21:06:07.226"}, "model": "Users.auction_user", "pk": 50}, {"fields": {"address": "Test Address ", "phone": "1234567", "defaultLang": "en", "user": 52, "lastUpdatedDate": "2015-10-28T21:06:07.226", "createdDate": "2015-10-28T21:06:07.226"}, "model": "Users.auction_user", "pk": 51}, {"fields": {"address": "Test Address ", "phone": "1234567", "defaultLang": "en", "user": 53, "lastUpdatedDate": "2015-10-28T21:06:07.226", "createdDate": "2015-10-28T21:06:07.226"}, "model": "Users.auction_user", "pk": 52}, {"fields": {"action_flag": 3, "action_time": "2015-10-28T21:04:55.697", "object_repr": "testuser1", "object_id": "4", "change_message": "", "user": 1, "content_type": 4}, "model": "admin.logentry", "pk": 1}]